#FamilyID	pvalue	Significant at 0.05
OG0000000	0	y
OG0000001	0	y
OG0000002	0	y
OG0000003	0	y
OG0000004	0	y
OG0000005	0	y
OG0000006	0	y
OG0000007	0	y
OG0000008	0	y
OG0000010	0	y
OG0000012	0	y
OG0000014	0	y
OG0000016	0	y
OG0000017	0	y
OG0000020	0	y
OG0000021	0	y
OG0000022	0	y
OG0000023	0	y
OG0000024	0	y
OG0000025	0	y
OG0000026	0	y
OG0000027	0	y
OG0000028	0	y
OG0000029	0	y
OG0000031	0	y
OG0000033	0	y
OG0000034	0	y
OG0000035	0	y
OG0000036	0	y
OG0000037	0	y
OG0000039	0	y
OG0000041	0	y
OG0000042	0	y
OG0000045	0	y
OG0000048	0	y
OG0000051	0	y
OG0000053	0	y
OG0000054	0	y
OG0000055	0	y
OG0000056	0	y
OG0000057	0	y
OG0000058	0.001	y
OG0000059	0	y
OG0000060	0	y
OG0000061	0	y
OG0000062	0.024	y
OG0000063	0	y
OG0000064	0	y
OG0000066	0	y
OG0000068	0	y
OG0000069	0.02	y
OG0000070	0	y
OG0000071	0	y
OG0000072	0	y
OG0000073	0.004	y
OG0000076	0	y
OG0000077	0	y
OG0000079	0	y
OG0000082	0	y
OG0000083	0	y
OG0000086	0	y
OG0000088	0	y
OG0000089	0	y
OG0000090	0	y
OG0000092	0	y
OG0000093	0	y
OG0000094	0	y
OG0000096	0	y
OG0000097	0	y
OG0000100	0.047	y
OG0000101	0	y
OG0000102	0	y
OG0000103	0	y
OG0000106	0	y
OG0000108	0	y
OG0000109	0	y
OG0000110	0	y
OG0000113	0	y
OG0000114	0	y
OG0000115	0	y
OG0000121	0	y
OG0000123	0.009	y
OG0000124	0	y
OG0000125	0	y
OG0000126	0.025	y
OG0000127	0	y
OG0000132	0	y
OG0000133	0	y
OG0000137	0	y
OG0000138	0	y
OG0000140	0	y
OG0000141	0	y
OG0000146	0.002	y
OG0000148	0.021	y
OG0000149	0	y
OG0000155	0.023	y
OG0000156	0	y
OG0000157	0.025	y
OG0000158	0	y
OG0000160	0	y
OG0000161	0	y
OG0000162	0	y
OG0000165	0.005	y
OG0000166	0.005	y
OG0000167	0	y
OG0000169	0.002	y
OG0000173	0	y
OG0000174	0.002	y
OG0000175	0.009	y
OG0000181	0	y
OG0000182	0.002	y
OG0000183	0.011	y
OG0000184	0	y
OG0000186	0	y
OG0000187	0.002	y
OG0000189	0	y
OG0000194	0	y
OG0000199	0	y
OG0000202	0	y
OG0000203	0	y
OG0000204	0.001	y
OG0000205	0	y
OG0000207	0.005	y
OG0000209	0	y
OG0000211	0	y
OG0000212	0.004	y
OG0000213	0	y
OG0000216	0	y
OG0000217	0.009	y
OG0000218	0	y
OG0000219	0	y
OG0000220	0	y
OG0000221	0	y
OG0000222	0	y
OG0000224	0	y
OG0000225	0	y
OG0000226	0.026	y
OG0000229	0.004	y
OG0000230	0	y
OG0000232	0.009	y
OG0000233	0	y
OG0000236	0	y
OG0000238	0.005	y
OG0000239	0	y
OG0000241	0	y
OG0000243	0.002	y
OG0000245	0	y
OG0000246	0.002	y
OG0000248	0	y
OG0000249	0	y
OG0000256	0	y
OG0000258	0.002	y
OG0000259	0.007	y
OG0000260	0.002	y
OG0000262	0.006	y
OG0000263	0.004	y
OG0000264	0.047	y
OG0000266	0	y
OG0000268	0	y
OG0000269	0.041	y
OG0000271	0	y
OG0000272	0.013	y
OG0000273	0	y
OG0000275	0	y
OG0000276	0	y
OG0000286	0	y
OG0000287	0	y
OG0000291	0.002	y
OG0000292	0	y
OG0000295	0.036	y
OG0000296	0	y
OG0000297	0.002	y
OG0000298	0.006	y
OG0000303	0.005	y
OG0000304	0	y
OG0000311	0.027	y
OG0000312	0	y
OG0000314	0	y
OG0000315	0	y
OG0000316	0	y
OG0000319	0	y
OG0000322	0	y
OG0000323	0.002	y
OG0000324	0	y
OG0000325	0	y
OG0000326	0.044	y
OG0000328	0	y
OG0000330	0	y
OG0000331	0.002	y
OG0000333	0	y
OG0000339	0	y
OG0000340	0	y
OG0000342	0.004	y
OG0000343	0.002	y
OG0000345	0.002	y
OG0000348	0	y
OG0000350	0.002	y
OG0000351	0.002	y
OG0000352	0.004	y
OG0000353	0	y
OG0000355	0	y
OG0000356	0.039	y
OG0000357	0	y
OG0000360	0	y
OG0000363	0.03	y
OG0000364	0	y
OG0000367	0.03	y
OG0000369	0.005	y
OG0000370	0.005	y
OG0000375	0	y
OG0000376	0	y
OG0000377	0	y
OG0000378	0	y
OG0000380	0.002	y
OG0000381	0.002	y
OG0000382	0.035	y
OG0000383	0	y
OG0000384	0	y
OG0000385	0.002	y
OG0000386	0	y
OG0000390	0.024	y
OG0000393	0	y
OG0000394	0.002	y
OG0000395	0	y
OG0000399	0.008	y
OG0000409	0.005	y
OG0000412	0	y
OG0000413	0.002	y
OG0000416	0	y
OG0000422	0	y
OG0000423	0	y
OG0000425	0.01	y
OG0000426	0	y
OG0000427	0	y
OG0000428	0	y
OG0000431	0	y
OG0000432	0.021	y
OG0000434	0	y
OG0000435	0	y
OG0000444	0.004	y
OG0000445	0.002	y
OG0000450	0	y
OG0000455	0	y
OG0000456	0	y
OG0000458	0	y
OG0000461	0.017	y
OG0000465	0.003	y
OG0000473	0	y
OG0000474	0.005	y
OG0000475	0	y
OG0000476	0.002	y
OG0000478	0	y
OG0000479	0	y
OG0000482	0.021	y
OG0000483	0	y
OG0000484	0	y
OG0000485	0	y
OG0000486	0	y
OG0000488	0.006	y
OG0000490	0	y
OG0000494	0	y
OG0000496	0.006	y
OG0000497	0	y
OG0000498	0	y
OG0000499	0	y
OG0000500	0.002	y
OG0000501	0	y
OG0000502	0.043	y
OG0000504	0.002	y
OG0000511	0	y
OG0000515	0.007	y
OG0000516	0.001	y
OG0000517	0	y
OG0000525	0.002	y
OG0000529	0	y
OG0000531	0.006	y
OG0000534	0.006	y
OG0000535	0.006	y
OG0000536	0.005	y
OG0000538	0.005	y
OG0000539	0	y
OG0000541	0.007	y
OG0000542	0.003	y
OG0000546	0.001	y
OG0000547	0	y
OG0000549	0.005	y
OG0000550	0	y
OG0000551	0	y
OG0000560	0.001	y
OG0000562	0	y
OG0000563	0.006	y
OG0000565	0	y
OG0000568	0	y
OG0000570	0	y
OG0000571	0	y
OG0000572	0.03	y
OG0000574	0	y
OG0000575	0	y
OG0000576	0	y
OG0000577	0	y
OG0000582	0.006	y
OG0000583	0	y
OG0000585	0	y
OG0000595	0.006	y
OG0000596	0.002	y
OG0000602	0.031	y
OG0000607	0	y
OG0000610	0.005	y
OG0000613	0.005	y
OG0000615	0	y
OG0000617	0.031	y
OG0000626	0	y
OG0000627	0	y
OG0000628	0	y
OG0000631	0	y
OG0000633	0.025	y
OG0000635	0	y
OG0000638	0.005	y
OG0000639	0.02	y
OG0000642	0.022	y
OG0000646	0.001	y
OG0000649	0.002	y
OG0000654	0	y
OG0000658	0.005	y
OG0000659	0	y
OG0000660	0.025	y
OG0000661	0	y
OG0000669	0	y
OG0000674	0.001	y
OG0000675	0	y
OG0000676	0.006	y
OG0000678	0.006	y
OG0000683	0	y
OG0000689	0	y
OG0000691	0.024	y
OG0000697	0	y
OG0000701	0.025	y
OG0000703	0.001	y
OG0000707	0.002	y
OG0000711	0	y
OG0000716	0	y
OG0000717	0	y
OG0000718	0.006	y
OG0000719	0.043	y
OG0000723	0.006	y
OG0000727	0.006	y
OG0000730	0.001	y
OG0000733	0.005	y
OG0000735	0.005	y
OG0000737	0.001	y
OG0000738	0.001	y
OG0000739	0.013	y
OG0000740	0.005	y
OG0000741	0.008	y
OG0000744	0.042	y
OG0000745	0	y
OG0000746	0.01	y
OG0000748	0.019	y
OG0000749	0.001	y
OG0000756	0	y
OG0000757	0.005	y
OG0000758	0.005	y
OG0000760	0.009	y
OG0000761	0.002	y
OG0000762	0.048	y
OG0000767	0.002	y
OG0000768	0.001	y
OG0000771	0	y
OG0000773	0.006	y
OG0000774	0	y
OG0000776	0	y
OG0000778	0	y
OG0000780	0	y
OG0000782	0	y
OG0000783	0.006	y
OG0000785	0	y
OG0000786	0.005	y
OG0000788	0	y
OG0000789	0.009	y
OG0000790	0.022	y
OG0000797	0.007	y
OG0000802	0.005	y
OG0000803	0.048	y
OG0000804	0.002	y
OG0000805	0	y
OG0000817	0.005	y
OG0000818	0.015	y
OG0000823	0	y
OG0000824	0.008	y
OG0000825	0.006	y
OG0000828	0.042	y
OG0000829	0	y
OG0000830	0	y
OG0000831	0.019	y
OG0000836	0	y
OG0000837	0	y
OG0000838	0.021	y
OG0000839	0.006	y
OG0000843	0	y
OG0000849	0.002	y
OG0000851	0.005	y
OG0000854	0.048	y
OG0000855	0.025	y
OG0000857	0.01	y
OG0000858	0	y
OG0000859	0	y
OG0000860	0.011	y
OG0000861	0.009	y
OG0000864	0.042	y
OG0000866	0	y
OG0000867	0	y
OG0000869	0.005	y
OG0000872	0.005	y
OG0000876	0.043	y
OG0000880	0	y
OG0000881	0.001	y
OG0000883	0	y
OG0000884	0	y
OG0000885	0.043	y
OG0000888	0	y
OG0000889	0	y
OG0000890	0.005	y
OG0000895	0	y
OG0000898	0.005	y
OG0000900	0.007	y
OG0000901	0	y
OG0000902	0.024	y
OG0000903	0	y
OG0000904	0	y
OG0000905	0	y
OG0000906	0	y
OG0000909	0.002	y
OG0000912	0.009	y
OG0000914	0	y
OG0000915	0.002	y
OG0000920	0	y
OG0000922	0	y
OG0000923	0.046	y
OG0000924	0.01	y
OG0000926	0	y
OG0000928	0.006	y
OG0000930	0.048	y
OG0000935	0.042	y
OG0000939	0.005	y
OG0000940	0	y
OG0000941	0.043	y
OG0000946	0	y
OG0000947	0	y
OG0000948	0.012	y
OG0000949	0	y
OG0000951	0.005	y
OG0000954	0	y
OG0000955	0	y
OG0000956	0.003	y
OG0000984	0.021	y
OG0000985	0.044	y
OG0000989	0	y
OG0000990	0.002	y
OG0000991	0.025	y
OG0000994	0.005	y
OG0000996	0.008	y
OG0000997	0	y
OG0000998	0.021	y
OG0001000	0.005	y
OG0001001	0.006	y
OG0001002	0.006	y
OG0001003	0.025	y
OG0001005	0.019	y
OG0001007	0	y
OG0001008	0	y
OG0001009	0.021	y
OG0001012	0	y
OG0001014	0	y
OG0001016	0.005	y
OG0001017	0	y
OG0001019	0	y
OG0001021	0.025	y
OG0001022	0.009	y
OG0001023	0	y
OG0001024	0	y
OG0001026	0.006	y
OG0001027	0.006	y
OG0001028	0	y
OG0001030	0.044	y
OG0001031	0.015	y
OG0001032	0.021	y
OG0001033	0	y
OG0001037	0.009	y
OG0001040	0.016	y
OG0001043	0.005	y
OG0001044	0	y
OG0001049	0	y
OG0001051	0	y
OG0001052	0	y
OG0001054	0.025	y
OG0001060	0	y
OG0001062	0.005	y
OG0001063	0	y
OG0001064	0	y
OG0001067	0.002	y
OG0001072	0.005	y
OG0001073	0	y
OG0001077	0.021	y
OG0001080	0.009	y
OG0001082	0.001	y
OG0001083	0.009	y
OG0001085	0.016	y
OG0001087	0	y
OG0001089	0	y
OG0001090	0	y
OG0001091	0.005	y
OG0001092	0	y
OG0001093	0.031	y
OG0001094	0.021	y
OG0001096	0.005	y
OG0001097	0.048	y
OG0001098	0.048	y
OG0001102	0.011	y
OG0001103	0	y
OG0001104	0	y
OG0001109	0	y
OG0001110	0	y
OG0001111	0.009	y
OG0001112	0.025	y
OG0001113	0.031	y
OG0001115	0.001	y
OG0001116	0.048	y
OG0001121	0	y
OG0001122	0	y
OG0001123	0.025	y
OG0001125	0.005	y
OG0001127	0.006	y
OG0001129	0.002	y
OG0001131	0.044	y
OG0001135	0	y
OG0001137	0	y
OG0001139	0	y
OG0001142	0.048	y
OG0001146	0	y
OG0001149	0.002	y
OG0001151	0.021	y
OG0001152	0.021	y
OG0001155	0.028	y
OG0001158	0.005	y
OG0001160	0.002	y
OG0001162	0.005	y
OG0001165	0.021	y
OG0001166	0.025	y
OG0001168	0.001	y
OG0001170	0.025	y
OG0001177	0.002	y
OG0001179	0.024	y
OG0001183	0.005	y
OG0001186	0.025	y
OG0001191	0.031	y
OG0001193	0.025	y
OG0001200	0.002	y
OG0001201	0.002	y
OG0001206	0.035	y
OG0001207	0	y
OG0001209	0.035	y
OG0001210	0.006	y
OG0001211	0.005	y
OG0001214	0	y
OG0001216	0	y
OG0001232	0.024	y
OG0001236	0.005	y
OG0001238	0.009	y
OG0001243	0	y
OG0001249	0.005	y
OG0001252	0.025	y
OG0001253	0.025	y
OG0001258	0	y
OG0001259	0.024	y
OG0001264	0	y
OG0001266	0	y
OG0001271	0.001	y
OG0001276	0	y
OG0001277	0.024	y
OG0001279	0.005	y
OG0001280	0	y
OG0001282	0.005	y
OG0001289	0.002	y
OG0001295	0.016	y
OG0001297	0.005	y
OG0001310	0.016	y
OG0001313	0	y
OG0001314	0	y
OG0001315	0.005	y
OG0001316	0.005	y
OG0001320	0.024	y
OG0001321	0.005	y
OG0001322	0.005	y
OG0001325	0.007	y
OG0001326	0	y
OG0001331	0.002	y
OG0001334	0.005	y
OG0001339	0.005	y
OG0001340	0.016	y
OG0001344	0.025	y
OG0001345	0.005	y
OG0001346	0.025	y
OG0001347	0.025	y
OG0001348	0	y
OG0001349	0.025	y
OG0001350	0.005	y
OG0001353	0	y
OG0001354	0.025	y
OG0001359	0.009	y
OG0001360	0	y
OG0001366	0.016	y
OG0001370	0.005	y
OG0001375	0.024	y
OG0001376	0.005	y
OG0001380	0.005	y
OG0001384	0.005	y
OG0001385	0.024	y
OG0001392	0.025	y
OG0001396	0.025	y
OG0001397	0.048	y
OG0001398	0	y
OG0001399	0.005	y
OG0001401	0.025	y
OG0001407	0.025	y
OG0001409	0.002	y
OG0001412	0.005	y
OG0001413	0.016	y
OG0001417	0.025	y
OG0001419	0.002	y
OG0001422	0.011	y
OG0001426	0.016	y
OG0001427	0.005	y
OG0001431	0.016	y
OG0001432	0	y
OG0001435	0.024	y
OG0001436	0.011	y
OG0001437	0.048	y
OG0001438	0.016	y
OG0001440	0.016	y
OG0001441	0.016	y
OG0001442	0.005	y
OG0001446	0.005	y
OG0001451	0.005	y
OG0001452	0.016	y
OG0001454	0.025	y
OG0001455	0.005	y
OG0001456	0	y
OG0001458	0.005	y
OG0001461	0.005	y
OG0001466	0.016	y
OG0001467	0.002	y
OG0001469	0	y
OG0001470	0.025	y
OG0001473	0	y
OG0001476	0.015	y
OG0001481	0.001	y
OG0001484	0	y
OG0001486	0.005	y
OG0001487	0.025	y
OG0001488	0.005	y
OG0001491	0	y
OG0001493	0.005	y
OG0001495	0.005	y
OG0001497	0.005	y
OG0001498	0	y
OG0001500	0.025	y
OG0001501	0.024	y
OG0001502	0.016	y
OG0001506	0.009	y
OG0001507	0.002	y
OG0001509	0.024	y
OG0001511	0.005	y
OG0001512	0	y
OG0001513	0.005	y
OG0001514	0	y
OG0001515	0.009	y
OG0001517	0.016	y
OG0001520	0.005	y
OG0001521	0.007	y
OG0001523	0.005	y
OG0001525	0.005	y
OG0001529	0.025	y
OG0001530	0.024	y
OG0001534	0	y
OG0001535	0.025	y
OG0001536	0.021	y
OG0001537	0.025	y
OG0001538	0.005	y
OG0001539	0.009	y
OG0001540	0	y
OG0001541	0.024	y
OG0001546	0.005	y
OG0001547	0.002	y
OG0001548	0	y
OG0001550	0.005	y
OG0001552	0.024	y
OG0001553	0.024	y
OG0001557	0.025	y
OG0001559	0.025	y
OG0001561	0.024	y
OG0001562	0.021	y
OG0001563	0	y
OG0001566	0.002	y
OG0001567	0.005	y
OG0001574	0	y
OG0001576	0	y
OG0001579	0.005	y
OG0001584	0	y
OG0001585	0.024	y
OG0001586	0.025	y
OG0001587	0.002	y
OG0001588	0.025	y
OG0001594	0.024	y
OG0001596	0	y
OG0001598	0.005	y
OG0001600	0.024	y
OG0001601	0.005	y
OG0001602	0.016	y
OG0001608	0.025	y
OG0001609	0.025	y
OG0001610	0.002	y
OG0001614	0.025	y
OG0001615	0.025	y
OG0001620	0.024	y
OG0001621	0.025	y
OG0001622	0	y
OG0001623	0.025	y
OG0001627	0.025	y
OG0001629	0.025	y
OG0001631	0.002	y
OG0001632	0.016	y
OG0001633	0.021	y
OG0001634	0.025	y
OG0001638	0	y
OG0001640	0	y
OG0001641	0.005	y
OG0001642	0.001	y
OG0001643	0	y
OG0001645	0.016	y
OG0001646	0.016	y
OG0001647	0.005	y
OG0001648	0.005	y
OG0001651	0	y
OG0001652	0.025	y
OG0001653	0.005	y
OG0001654	0.025	y
OG0001655	0.005	y
OG0001656	0	y
OG0001657	0	y
OG0001658	0.005	y
OG0001660	0.001	y
OG0001661	0.005	y
OG0001662	0.005	y
OG0001663	0.048	y
OG0001666	0.005	y
OG0001667	0	y
OG0001668	0.005	y
OG0001669	0.005	y
OG0001670	0.005	y
OG0001672	0	y
OG0001678	0.016	y
OG0001681	0.024	y
OG0001684	0.021	y
OG0001685	0.005	y
OG0001686	0.024	y
OG0001688	0.001	y
OG0001689	0	y
OG0001693	0.025	y
OG0001699	0.002	y
OG0001700	0	y
OG0001701	0	y
OG0001703	0.025	y
OG0001706	0.003	y
OG0001707	0	y
OG0001708	0	y
OG0001709	0.004	y
OG0001710	0	y
OG0001712	0	y
OG0001714	0	y
OG0001715	0	y
OG0001719	0	y
OG0001747	0.011	y
OG0001752	0	y
OG0001763	0.025	y
OG0001764	0.025	y
OG0001765	0.025	y
OG0001766	0.015	y
OG0001768	0.005	y
OG0001769	0	y
OG0001771	0.025	y
OG0001773	0.025	y
OG0001774	0.025	y
OG0001775	0.025	y
OG0001776	0.025	y
OG0001777	0.025	y
OG0001778	0.025	y
OG0001779	0.025	y
OG0001780	0.025	y
OG0001783	0.025	y
OG0001786	0	y
OG0001788	0.005	y
OG0001792	0.025	y
OG0001793	0.025	y
OG0001795	0.025	y
OG0001796	0.025	y
OG0001799	0.025	y
OG0001801	0	y
OG0001807	0.025	y
OG0001808	0.015	y
OG0001809	0.025	y
OG0001813	0	y
OG0001817	0.025	y
OG0001818	0.025	y
OG0001820	0.025	y
OG0001824	0.025	y
OG0001825	0.025	y
OG0001826	0.025	y
OG0001827	0.025	y
OG0001828	0.025	y
OG0001829	0.025	y
OG0001830	0.025	y
OG0001831	0.025	y
OG0001832	0.025	y
OG0001833	0.025	y
OG0001834	0.025	y
OG0001835	0.025	y
OG0001836	0.025	y
OG0001837	0.025	y
OG0001838	0.025	y
OG0001841	0	y
OG0001843	0.025	y
OG0001844	0.025	y
OG0001845	0.025	y
OG0001846	0.025	y
OG0001848	0.025	y
OG0001849	0.025	y
OG0001850	0.025	y
OG0001859	0	y
OG0001864	0.025	y
OG0001873	0.016	y
OG0001876	0.025	y
OG0001877	0.025	y
OG0001878	0	y
OG0001879	0.025	y
OG0001881	0.025	y
OG0001883	0.025	y
OG0001889	0.025	y
OG0001891	0.024	y
OG0001898	0.025	y
OG0001906	0.016	y
OG0001908	0.025	y
OG0001912	0.025	y
OG0001914	0.025	y
OG0001920	0.025	y
OG0001924	0.025	y
OG0001925	0.025	y
OG0001926	0.005	y
OG0001948	0.025	y
OG0001950	0	y
OG0001953	0	y
OG0001970	0.025	y
OG0001974	0.025	y
OG0001976	0.025	y
OG0001977	0.025	y
OG0001979	0.025	y
OG0001987	0.025	y
OG0001988	0.025	y
OG0001989	0.025	y
OG0001990	0.025	y
OG0001991	0	y
OG0001993	0.015	y
OG0001994	0.025	y
OG0001995	0.025	y
OG0001996	0.025	y
OG0001997	0.025	y
OG0001998	0.025	y
OG0002001	0.025	y
OG0002009	0.025	y
OG0002021	0.025	y
OG0002022	0	y
OG0002034	0.025	y
OG0002044	0.025	y
OG0002045	0.025	y
OG0002046	0.025	y
OG0002047	0	y
OG0002048	0.025	y
OG0002051	0	y
OG0002053	0.025	y
OG0002054	0.024	y
OG0002058	0.025	y
OG0002059	0.025	y
OG0002061	0.025	y
OG0002062	0.025	y
OG0002065	0	y
OG0002072	0.025	y
OG0002074	0.005	y
OG0002076	0.025	y
OG0002079	0.025	y
OG0002082	0.025	y
OG0002083	0.005	y
OG0002085	0.025	y
OG0002096	0.025	y
OG0002097	0.025	y
OG0002100	0	y
OG0002117	0	y
OG0002124	0.025	y
OG0002130	0.025	y
OG0002133	0.025	y
OG0002134	0.025	y
OG0002135	0.025	y
OG0002139	0.021	y
OG0002140	0.025	y
OG0002141	0.005	y
OG0002143	0.025	y
OG0002144	0.025	y
OG0002153	0	y
OG0002154	0.025	y
OG0002155	0.025	y
OG0002158	0.016	y
OG0002159	0.025	y
OG0002160	0.025	y
OG0002164	0.025	y
OG0002165	0.025	y
OG0002169	0.025	y
OG0002170	0.025	y
OG0002173	0	y
OG0002175	0.005	y
OG0002176	0.025	y
OG0002177	0.025	y
OG0002182	0	y
OG0002202	0.025	y
OG0002206	0	y
OG0002207	0.025	y
OG0002209	0.001	y
OG0002219	0.025	y
OG0002231	0.025	y
OG0002234	0.025	y
OG0002235	0.025	y
OG0002236	0.025	y
OG0002253	0.025	y
OG0002254	0.008	y
OG0002255	0.025	y
OG0002258	0.016	y
OG0002261	0.025	y
OG0002264	0.015	y
OG0002270	0	y
OG0002282	0.025	y
OG0002289	0.025	y
OG0002292	0	y
OG0002294	0.025	y
OG0002302	0.025	y
OG0002303	0.025	y
OG0002306	0.025	y
OG0002312	0.007	y
OG0002319	0.025	y
OG0002322	0.025	y
OG0002323	0.025	y
OG0002336	0.008	y
OG0002338	0.025	y
OG0002339	0	y
OG0002341	0.025	y
OG0002346	0.011	y
OG0002347	0.015	y
OG0002352	0.025	y
OG0002354	0.011	y
OG0002356	0.025	y
OG0002357	0.025	y
OG0002358	0	y
OG0002361	0.008	y
OG0002362	0.015	y
OG0002369	0.025	y
OG0002375	0.025	y
OG0002376	0.025	y
OG0002387	0	y
OG0002393	0.015	y
OG0002394	0.025	y
OG0002397	0.011	y
OG0002405	0.001	y
OG0002420	0	y
OG0002425	0.011	y
OG0002435	0.025	y
OG0002444	0.025	y
OG0002447	0.025	y
OG0002453	0.025	y
OG0002454	0.025	y
OG0002457	0.025	y
OG0002458	0.025	y
OG0002466	0.011	y
OG0002467	0.005	y
OG0002481	0.025	y
OG0002482	0.025	y
OG0002486	0.002	y
OG0002490	0.015	y
OG0002491	0.025	y
OG0002492	0.025	y
OG0002494	0	y
OG0002495	0.025	y
OG0002498	0.025	y
OG0002510	0.025	y
OG0002519	0.024	y
OG0002521	0.025	y
OG0002522	0.025	y
OG0002530	0.002	y
OG0002533	0.025	y
OG0002534	0.025	y
OG0002535	0.025	y
OG0002536	0.025	y
OG0002537	0	y
OG0002538	0.025	y
OG0002539	0.025	y
OG0002540	0.025	y
OG0002541	0.025	y
OG0002542	0.025	y
OG0002543	0.025	y
OG0002548	0	y
OG0002553	0.005	y
OG0002560	0.015	y
OG0002564	0.011	y
OG0002565	0.025	y
OG0002567	0.025	y
OG0002568	0.025	y
OG0002571	0.025	y
OG0002572	0.025	y
OG0002577	0.025	y
OG0002583	0.025	y
OG0002584	0.025	y
OG0002585	0.011	y
OG0002589	0	y
OG0002592	0.015	y
OG0002593	0	y
OG0002604	0.025	y
OG0002617	0.025	y
OG0002640	0.025	y
OG0002652	0.009	y
OG0002659	0	y
OG0002660	0.025	y
OG0002661	0.015	y
OG0002662	0.025	y
OG0002663	0	y
OG0002668	0.025	y
OG0002684	0.025	y
OG0002685	0.025	y
OG0002687	0.025	y
OG0002690	0.025	y
OG0002691	0.002	y
OG0002692	0.011	y
OG0002693	0.011	y
OG0002696	0.016	y
OG0002697	0.025	y
OG0002698	0.025	y
OG0002700	0.025	y
OG0002705	0.025	y
OG0002706	0.025	y
OG0002707	0.025	y
OG0002708	0	y
OG0002709	0.025	y
OG0002710	0.025	y
OG0002716	0.025	y
OG0002718	0.025	y
OG0002726	0.009	y
OG0002727	0.036	y
OG0002728	0	y
OG0002730	0.015	y
OG0002737	0.025	y
OG0002739	0.025	y
OG0002750	0	y
OG0002754	0.025	y
OG0002757	0.025	y
OG0002759	0.002	y
OG0002772	0.025	y
OG0002776	0.025	y
OG0002777	0.025	y
OG0002779	0.025	y
OG0002785	0	y
OG0002793	0.015	y
OG0002803	0	y
OG0002804	0.025	y
OG0002809	0	y
OG0002818	0.025	y
OG0002819	0.025	y
OG0002820	0.025	y
OG0002821	0.025	y
OG0002822	0.025	y
OG0002823	0.025	y
OG0002824	0.025	y
OG0002828	0.025	y
OG0002829	0.025	y
OG0002830	0.025	y
OG0002831	0.025	y
OG0002836	0.025	y
OG0002837	0.025	y
OG0002838	0.025	y
OG0002839	0.025	y
OG0002844	0.025	y
OG0002845	0.025	y
OG0002847	0.016	y
OG0002850	0.025	y
OG0002857	0	y
OG0002860	0.025	y
OG0002862	0	y
OG0002863	0.025	y
OG0002865	0.025	y
OG0002866	0.025	y
OG0002875	0.025	y
OG0002890	0.025	y
OG0002892	0.005	y
OG0002900	0	y
OG0002905	0.025	y
OG0002910	0.025	y
OG0002925	0	y
OG0002928	0.025	y
OG0002929	0.025	y
OG0002932	0.025	y
OG0002943	0.025	y
OG0002949	0.025	y
OG0002950	0.025	y
OG0002951	0.025	y
OG0002952	0.025	y
OG0002953	0.025	y
OG0002954	0.025	y
OG0002955	0.025	y
OG0002956	0.025	y
OG0002957	0.025	y
OG0002959	0	y
OG0002960	0.025	y
OG0002961	0	y
OG0002969	0.025	y
OG0002971	0.025	y
OG0002972	0.025	y
OG0002973	0.025	y
OG0002979	0.025	y
OG0002984	0.002	y
OG0002988	0.025	y
OG0002989	0.025	y
OG0002990	0.025	y
OG0002992	0.025	y
OG0003006	0.016	y
OG0003011	0.025	y
OG0003012	0.025	y
OG0003013	0.025	y
OG0003014	0.025	y
OG0003015	0.025	y
OG0003016	0.025	y
OG0003019	0.025	y
OG0003029	0.025	y
OG0003030	0.025	y
OG0003031	0.025	y
OG0003034	0.005	y
OG0003035	0.025	y
OG0003036	0.025	y
OG0003037	0.025	y
OG0003038	0.025	y
OG0003039	0.025	y
OG0003040	0.025	y
OG0003041	0.025	y
OG0003044	0.025	y
OG0003045	0.005	y
OG0003046	0.011	y
OG0003048	0.015	y
OG0003050	0.025	y
OG0003052	0.025	y
OG0003062	0.025	y
OG0003067	0.025	y
OG0003068	0.025	y
OG0003072	0.005	y
OG0003079	0.025	y
OG0003080	0.025	y
OG0003081	0.025	y
OG0003089	0.025	y
OG0003090	0.025	y
OG0003091	0.025	y
OG0003095	0	y
OG0003096	0.025	y
OG0003097	0.025	y
OG0003098	0.025	y
OG0003099	0.025	y
OG0003100	0.025	y
OG0003101	0.025	y
OG0003102	0.025	y
OG0003103	0.025	y
OG0003109	0.015	y
OG0003115	0.005	y
OG0003118	0.025	y
OG0003120	0.005	y
OG0003133	0.025	y
OG0003134	0.025	y
OG0003135	0.025	y
OG0003136	0.025	y
OG0003140	0.025	y
OG0003148	0	y
OG0003169	0.025	y
OG0003171	0.025	y
OG0003181	0.025	y
OG0003182	0.025	y
OG0003183	0.025	y
OG0003187	0.025	y
OG0003188	0.025	y
OG0003192	0.025	y
OG0003193	0.025	y
OG0003194	0.008	y
OG0003196	0.025	y
OG0003197	0.001	y
OG0003198	0	y
OG0003207	0.025	y
OG0003211	0.005	y
OG0003213	0.025	y
OG0003215	0.025	y
OG0003216	0.025	y
OG0003217	0	y
OG0003218	0	y
OG0003219	0.025	y
OG0003221	0.025	y
OG0003222	0	y
OG0003231	0.025	y
OG0003232	0.025	y
OG0003235	0	y
OG0003236	0	y
OG0003237	0.004	y
OG0003238	0.006	y
OG0003239	0.021	y
OG0003243	0.002	y
OG0003244	0	y
OG0003245	0	y
OG0003250	0	y
OG0003253	0	y
OG0003282	0	y
OG0003289	0.011	y
OG0003292	0.025	y
OG0003304	0	y
OG0003309	0.011	y
OG0003311	0.011	y
OG0003312	0.011	y
OG0003317	0.011	y
OG0003341	0.01	y
OG0003393	0	y
OG0003394	0	y
OG0003420	0.002	y
OG0003483	0.025	y
OG0003487	0.011	y
OG0003488	0.001	y
OG0003490	0.011	y
OG0003498	0.011	y
OG0003504	0.025	y
OG0003505	0	y
OG0003522	0	y
OG0003526	0.025	y
OG0003537	0	y
OG0003544	0.015	y
OG0003553	0.025	y
OG0003561	0.011	y
OG0003569	0.025	y
OG0003574	0.025	y
OG0003587	0.025	y
OG0003619	0.025	y
OG0003623	0.002	y
OG0003663	0.011	y
OG0003670	0.011	y
OG0003672	0.002	y
OG0003695	0	y
OG0003725	0.011	y
OG0003726	0.011	y
OG0003741	0.011	y
OG0003755	0.011	y
OG0003762	0.011	y
OG0003775	0	y
OG0003778	0.025	y
OG0003779	0.025	y
OG0003839	0.011	y
OG0003873	0.025	y
OG0003881	0.025	y
OG0003886	0.025	y
OG0003887	0.025	y
OG0003897	0.011	y
OG0003904	0	y
OG0003932	0.011	y
OG0003938	0.011	y
OG0003982	0.025	y
OG0004012	0	y
OG0004025	0.025	y
OG0004026	0.025	y
OG0004027	0.002	y
OG0004042	0.011	y
OG0004066	0	y
OG0004075	0.015	y
OG0004118	0.002	y
OG0004137	0.011	y
OG0004199	0	y
OG0004201	0.002	y
OG0004204	0.025	y
OG0004206	0.025	y
OG0004208	0.025	y
OG0004217	0	y
OG0004225	0.002	y
OG0004226	0.025	y
OG0004227	0.025	y
OG0004233	0.002	y
OG0004234	0.002	y
OG0004235	0.002	y
OG0004255	0	y
OG0004265	0.002	y
OG0004269	0	y
OG0004270	0.025	y
OG0004297	0.025	y
OG0004298	0	y
OG0004302	0.005	y
OG0004332	0.011	y
OG0004372	0	y
OG0004373	0.001	y
OG0004374	0	y
OG0004392	0	y
OG0004412	0.004	y
OG0004426	0.005	y
OG0004432	0.025	y
OG0004442	0.011	y
OG0004460	0	y
OG0004461	0.025	y
OG0004477	0	y
OG0004495	0	y
OG0004499	0.011	y
OG0004519	0.021	y
OG0004592	0.008	y
OG0004595	0.025	y
OG0004606	0.011	y
OG0004608	0	y
OG0004647	0	y
OG0004697	0	y
OG0004703	0.011	y
OG0004722	0.011	y
OG0004735	0.011	y
OG0004741	0.017	y
OG0004773	0	y
OG0004781	0.011	y
OG0004797	0	y
OG0004819	0	y
OG0004824	0.036	y
OG0004874	0	y
OG0004876	0.011	y
OG0004910	0.011	y
OG0004911	0.011	y
OG0004912	0.011	y
OG0004928	0.015	y
OG0004963	0.011	y
OG0004969	0.025	y
OG0004973	0	y
OG0004997	0	y
OG0005000	0.015	y
OG0005019	0	y
OG0005020	0.025	y
OG0005087	0.025	y
OG0005095	0	y
OG0005115	0	y
OG0005138	0.011	y
OG0005149	0.011	y
OG0005152	0.002	y
OG0005153	0.011	y
OG0005167	0	y
OG0005199	0	y
OG0005205	0.011	y
OG0005214	0.008	y
OG0005228	0.025	y
OG0005229	0.011	y
OG0005270	0.002	y
OG0005297	0.025	y
OG0005298	0.002	y
OG0005300	0.011	y
OG0005305	0.008	y
OG0005322	0	y
OG0005328	0.008	y
OG0005337	0.008	y
OG0005339	0.011	y
OG0005343	0.025	y
OG0005354	0.011	y
OG0005356	0.002	y
OG0005361	0.011	y
OG0005374	0.011	y
OG0005388	0.008	y
OG0005391	0.002	y
OG0005438	0.002	y
OG0005443	0.011	y
OG0005449	0.008	y
OG0005456	0.002	y
OG0005459	0	y
OG0005460	0.011	y
OG0005462	0.002	y
OG0005472	0	y
OG0005486	0.011	y
OG0005489	0.011	y
OG0005490	0.011	y
OG0005498	0.025	y
OG0005505	0	y
OG0005507	0	y
OG0005525	0.011	y
OG0005526	0.025	y
OG0005537	0.004	y
OG0005538	0.011	y
OG0005549	0.008	y
OG0005565	0	y
OG0005570	0.011	y
OG0005573	0.011	y
OG0005586	0.025	y
OG0005587	0	y
OG0005596	0.011	y
OG0005597	0.002	y
OG0005598	0.002	y
OG0005599	0.011	y
OG0005600	0.002	y
OG0005603	0	y
OG0005604	0	y
OG0005605	0	y
OG0005606	0	y
OG0005607	0.025	y
OG0005608	0	y
OG0005609	0.025	y
OG0005618	0.025	y
OG0005623	0.011	y
OG0005624	0.002	y
OG0005633	0.011	y
OG0005662	0.011	y
OG0005663	0.011	y
OG0005690	0.005	y
OG0005694	0	y
OG0005736	0.025	y
OG0005753	0.002	y
OG0005760	0.025	y
OG0005761	0.011	y
OG0005762	0.011	y
OG0005766	0.011	y
OG0005774	0.015	y
OG0005780	0.025	y
OG0005790	0.025	y
OG0005796	0	y
OG0005797	0	y
OG0005802	0.011	y
OG0005853	0	y
OG0005868	0.011	y
OG0005882	0.025	y
OG0005901	0.025	y
OG0005902	0.025	y
OG0005907	0.011	y
OG0005917	0.011	y
OG0005929	0.002	y
OG0005937	0.011	y
OG0005939	0.011	y
OG0005944	0.011	y
OG0005954	0.025	y
OG0005992	0.011	y
OG0006012	0.002	y
OG0006013	0.002	y
OG0006014	0.002	y
OG0006021	0.025	y
OG0006023	0	y
OG0006029	0.025	y
OG0006032	0.025	y
OG0006047	0.011	y
OG0006054	0	y
OG0006057	0	y
OG0006060	0.002	y
OG0006061	0.002	y
OG0006062	0	y
OG0006063	0	y
OG0006064	0	y
OG0006065	0	y
OG0006066	0	y
OG0006074	0.002	y
OG0006082	0.025	y
OG0006097	0	y
OG0006107	0.002	y
OG0006109	0.002	y
OG0006110	0.002	y
OG0006114	0	y
OG0006118	0.011	y
OG0006119	0	y
OG0006122	0.002	y
OG0006123	0.025	y
OG0006147	0	y
OG0006184	0.025	y
OG0006185	0.025	y
OG0006216	0.011	y
OG0006239	0.011	y
OG0006245	0.011	y
OG0006250	0.011	y
OG0006264	0.011	y
OG0006297	0.025	y
OG0006298	0.025	y
OG0006299	0.025	y
OG0006310	0.025	y
OG0006351	0	y
OG0006362	0.011	y
OG0006363	0.011	y
OG0006364	0.011	y
OG0006371	0.011	y
OG0006406	0.011	y
OG0006436	0	y
OG0006437	0.025	y
OG0006439	0.011	y
OG0006454	0.011	y
OG0006458	0.025	y
OG0006464	0.011	y
OG0006470	0.025	y
OG0006487	0	y
OG0006500	0.025	y
OG0006501	0.025	y
OG0006513	0	y
OG0006514	0.025	y
OG0006515	0	y
OG0006516	0	y
OG0006540	0	y
OG0006586	0.002	y
OG0006587	0.002	y
OG0006614	0.011	y
OG0006617	0.011	y
OG0006624	0	y
OG0006627	0.025	y
OG0006629	0	y
OG0006630	0	y
OG0006631	0.025	y
OG0006632	0.025	y
OG0006634	0.025	y
OG0006639	0.011	y
OG0006642	0.011	y
OG0006659	0.025	y
OG0006671	0.025	y
OG0006678	0.011	y
OG0006684	0	y
OG0006690	0.011	y
OG0006707	0.011	y
OG0006709	0.002	y
OG0006719	0.011	y
OG0006720	0	y
OG0006726	0.011	y
OG0006733	0.011	y
OG0006778	0	y
OG0006795	0.002	y
OG0006796	0.002	y
OG0006804	0	y
OG0006818	0	y
OG0006831	0	y
OG0006852	0.011	y
OG0006856	0.011	y
OG0006857	0.011	y
OG0006878	0	y
OG0006879	0.025	y
OG0006895	0.025	y
OG0006896	0.002	y
OG0006897	0.002	y
OG0006898	0.002	y
OG0006899	0.025	y
OG0006902	0.025	y
OG0006905	0	y
OG0006906	0.002	y
OG0006907	0.025	y
OG0006917	0	y
OG0006922	0.011	y
OG0006936	0.002	y
OG0006941	0.004	y
OG0006942	0	y
OG0006957	0.011	y
OG0006960	0	y
OG0006961	0	y
OG0006962	0	y
OG0006963	0	y
OG0006993	0.025	y
OG0007000	0.011	y
OG0007009	0.025	y
OG0007015	0.025	y
OG0007016	0	y
OG0007040	0.015	y
OG0007041	0.011	y
OG0007058	0.025	y
OG0007087	0.011	y
OG0007089	0.025	y
OG0007115	0	y
OG0007131	0.025	y
OG0007132	0.025	y
OG0007135	0.025	y
OG0007136	0.025	y
OG0007140	0.025	y
OG0007166	0.002	y
OG0007172	0.025	y
OG0007183	0.011	y
OG0007215	0.011	y
OG0007222	0.011	y
OG0007232	0.011	y
OG0007260	0	y
OG0007263	0.025	y
OG0007264	0.025	y
OG0007286	0.025	y
OG0007299	0.025	y
OG0007300	0.025	y
OG0007301	0	y
OG0007302	0.025	y
OG0007338	0.021	y
OG0007341	0.021	y
OG0007352	0.005	y
OG0007364	0.011	y
OG0007395	0.011	y
OG0007409	0.002	y
OG0007422	0.002	y
OG0007423	0.002	y
OG0007425	0.011	y
OG0007434	0	y
OG0007442	0.011	y
OG0007494	0	y
OG0007500	0.002	y
OG0007530	0.011	y
OG0007533	0.011	y
OG0007552	0.008	y
OG0007560	0.025	y
OG0007621	0.025	y
OG0007623	0.025	y
OG0007640	0	y
OG0007641	0.025	y
OG0007659	0.025	y
OG0007668	0.011	y
OG0007715	0.011	y
OG0007740	0.011	y
OG0007759	0.011	y
OG0007774	0	y
OG0007775	0.004	y
OG0007776	0.004	y
OG0007777	0.004	y
OG0007778	0.004	y
OG0007782	0.021	y
OG0007783	0.021	y
OG0007784	0.021	y
OG0007785	0.021	y
OG0007786	0.021	y
OG0007788	0.004	y
OG0007790	0.011	y
OG0007791	0.004	y
OG0007793	0.004	y
OG0007794	0.004	y
OG0007796	0.004	y
OG0007798	0.004	y
OG0007799	0.004	y
OG0007801	0.011	y
OG0007803	0.004	y
OG0007810	0.002	y
OG0007813	0.004	y
OG0007814	0	y
OG0007816	0	y
OG0007817	0	y
OG0007851	0.011	y
OG0007854	0.025	y
OG0007858	0.025	y
OG0007882	0.008	y
OG0007912	0	y
OG0007935	0	y
OG0007936	0.011	y
OG0007937	0.025	y
OG0007948	0.025	y
OG0007950	0.025	y
OG0007961	0.025	y
OG0007962	0.025	y
OG0007963	0.025	y
OG0007964	0.025	y
OG0007965	0.025	y
OG0007966	0.025	y
OG0007967	0.025	y
OG0007973	0.025	y
OG0007979	0	y
OG0008004	0.025	y
OG0008005	0.025	y
OG0008006	0.025	y
OG0008007	0.025	y
OG0008010	0	y
OG0008022	0.025	y
OG0008032	0.025	y
OG0008035	0.025	y
OG0008036	0.025	y
OG0008037	0.025	y
OG0008038	0.025	y
OG0008039	0	y
OG0008050	0.025	y
OG0008065	0	y
OG0008066	0	y
OG0008067	0	y
OG0008071	0.025	y
OG0008075	0.025	y
OG0008076	0.002	y
OG0008077	0.025	y
OG0008078	0.025	y
OG0008079	0.025	y
OG0008085	0.025	y
OG0008096	0.025	y
OG0008098	0.025	y
OG0008099	0.025	y
OG0008100	0.025	y
OG0008102	0.025	y
OG0008103	0	y
OG0008114	0.025	y
OG0008120	0.025	y
OG0008126	0.025	y
OG0008128	0.025	y
OG0008164	0.025	y
OG0008170	0	y
OG0008173	0	y
OG0008175	0.025	y
OG0008209	0.025	y
OG0008210	0	y
OG0008214	0.011	y
OG0008217	0	y
OG0008225	0	y
OG0008236	0.025	y
OG0008243	0.025	y
OG0008245	0.025	y
OG0008247	0.025	y
OG0008248	0.025	y
OG0008249	0.025	y
OG0008250	0.025	y
OG0008251	0.025	y
OG0008252	0.025	y
OG0008253	0.025	y
OG0008254	0	y
OG0008255	0.025	y
OG0008256	0.025	y
OG0008257	0.025	y
OG0008258	0.025	y
OG0008259	0.025	y
OG0008260	0	y
OG0008262	0.025	y
OG0008263	0.025	y
OG0008264	0.025	y
OG0008265	0.025	y
OG0008271	0.025	y
OG0008273	0.025	y
OG0008276	0.025	y
OG0008279	0.025	y
OG0008280	0	y
OG0008281	0.025	y
OG0008282	0.002	y
OG0008283	0.025	y
OG0008285	0.025	y
OG0008286	0.025	y
OG0008287	0.025	y
OG0008291	0.025	y
OG0008292	0.025	y
OG0008293	0.025	y
OG0008294	0.025	y
OG0008295	0.025	y
OG0008296	0.025	y
OG0008297	0.025	y
OG0008298	0.025	y
OG0008299	0.025	y
OG0008300	0.025	y
OG0008301	0.025	y
OG0008302	0.025	y
OG0008303	0.025	y
OG0008305	0	y
OG0008306	0.019	y
OG0008307	0.025	y
OG0008308	0.025	y
OG0008318	0.025	y
OG0008319	0.025	y
OG0008320	0.025	y
OG0008325	0.025	y
OG0008330	0.025	y
OG0008342	0.021	y
OG0008348	0.011	y
OG0008352	0.011	y
OG0008360	0	y
OG0008361	0	y
OG0008362	0.025	y
OG0008365	0	y
OG0008367	0.011	y
OG0008374	0.025	y
OG0008376	0.011	y
OG0008377	0	y
OG0008385	0.025	y
OG0008388	0.025	y
OG0008389	0.011	y
OG0008391	0.025	y
OG0008395	0.011	y
OG0008403	0.008	y
OG0008405	0	y
OG0008409	0.025	y
OG0008413	0	y
OG0008437	0.025	y
OG0008438	0.025	y
OG0008450	0.025	y
OG0008456	0.025	y
OG0008457	0.025	y
OG0008458	0.025	y
OG0008459	0.025	y
OG0008460	0.025	y
OG0008463	0.025	y
OG0008464	0.025	y
OG0008465	0.025	y
OG0008466	0.025	y
OG0008467	0.025	y
OG0008468	0.025	y
OG0008469	0.025	y
OG0008485	0	y
OG0008486	0.025	y
OG0008487	0.025	y
OG0008488	0.025	y
OG0008492	0.025	y
OG0008498	0.025	y
OG0008502	0.008	y
OG0008505	0.025	y
OG0008506	0	y
OG0008508	0.025	y
OG0008509	0	y
OG0008513	0.025	y
OG0008514	0.025	y
OG0008518	0.025	y
OG0008519	0.025	y
OG0008520	0.025	y
OG0008521	0.025	y
OG0008522	0.025	y
OG0008523	0.025	y
OG0008537	0	y
OG0008544	0.025	y
OG0008554	0	y
OG0008565	0.025	y
OG0008592	0.011	y
OG0008593	0.025	y
OG0008607	0	y
OG0008625	0.011	y
OG0008627	0.025	y
OG0008633	0.025	y
OG0008637	0.025	y
OG0008643	0.025	y
OG0008647	0.025	y
OG0008651	0	y
OG0008656	0.025	y
OG0008657	0.025	y
OG0008661	0.025	y
OG0008662	0	y
OG0008667	0.025	y
OG0008668	0.025	y
OG0008669	0.025	y
OG0008675	0.025	y
OG0008680	0.025	y
OG0008681	0.025	y
OG0008682	0.025	y
OG0008684	0.025	y
OG0008694	0.025	y
OG0008695	0.025	y
OG0008697	0.025	y
OG0008698	0.025	y
OG0008699	0.025	y
OG0008700	0.025	y
OG0008707	0.025	y
OG0008714	0	y
OG0008716	0.025	y
OG0008727	0.011	y
OG0008728	0.025	y
OG0008731	0.025	y
OG0008732	0.025	y
OG0008738	0.025	y
OG0008739	0.025	y
OG0008740	0.025	y
OG0008741	0.025	y
OG0008742	0.011	y
OG0008748	0.011	y
OG0008749	0.025	y
OG0008751	0.025	y
OG0008767	0.011	y
OG0008768	0	y
OG0008780	0.025	y
OG0008788	0	y
OG0008789	0.011	y
OG0008790	0.021	y
OG0008792	0.011	y
OG0008793	0.025	y
OG0008794	0.025	y
OG0008800	0.025	y
OG0008804	0.011	y
OG0008805	0.025	y
OG0008809	0.025	y
OG0008810	0.025	y
OG0008811	0.025	y
OG0008814	0.025	y
OG0008815	0.011	y
OG0008817	0.011	y
OG0008818	0.011	y
OG0008823	0.025	y
OG0008830	0.025	y
OG0008831	0.025	y
OG0008834	0.025	y
OG0008845	0.011	y
OG0008848	0.025	y
OG0008851	0.011	y
OG0008855	0.025	y
OG0008861	0.025	y
OG0008862	0.025	y
OG0008863	0.025	y
OG0008864	0	y
OG0008867	0.025	y
OG0008869	0.025	y
OG0008872	0.025	y
OG0008874	0.025	y
OG0008875	0.025	y
OG0008876	0.025	y
OG0008879	0.025	y
OG0008881	0.011	y
OG0008883	0.025	y
OG0008884	0.025	y
OG0008885	0.025	y
OG0008886	0.025	y
OG0008887	0.025	y
OG0008888	0.025	y
OG0008889	0.025	y
OG0008900	0.025	y
OG0008909	0.025	y
OG0008918	0.025	y
OG0008919	0	y
OG0008920	0.025	y
OG0008921	0.025	y
OG0008922	0.025	y
OG0008923	0.025	y
OG0008925	0.025	y
OG0008926	0.017	y
OG0008927	0.025	y
OG0008929	0.025	y
OG0008930	0.025	y
OG0008931	0.025	y
OG0008937	0.025	y
OG0008939	0.011	y
OG0008941	0.025	y
OG0008942	0.011	y
OG0008946	0.025	y
OG0008947	0.025	y
OG0008950	0.025	y
OG0008951	0.025	y
OG0008952	0.025	y
OG0008956	0	y
OG0008961	0.021	y
OG0008962	0.008	y
OG0008963	0.011	y
OG0008964	0.025	y
OG0008982	0	y
OG0008986	0	y
OG0008993	0.011	y
OG0008996	0.011	y
OG0009001	0.025	y
OG0009004	0.002	y
OG0009007	0.011	y
OG0009009	0.025	y
OG0009015	0.002	y
OG0009016	0.025	y
OG0009024	0.025	y
OG0009025	0.025	y
OG0009027	0.025	y
OG0009028	0.025	y
OG0009037	0.025	y
OG0009038	0.025	y
OG0009039	0.025	y
OG0009040	0.025	y
OG0009043	0	y
OG0009048	0.025	y
OG0009049	0.025	y
OG0009056	0	y
OG0009057	0	y
OG0009060	0.025	y
OG0009064	0.025	y
OG0009065	0.025	y
OG0009068	0	y
OG0009073	0.025	y
OG0009074	0.002	y
OG0009075	0.025	y
OG0009076	0.025	y
OG0009079	0.025	y
OG0009088	0.025	y
OG0009089	0.025	y
OG0009090	0.025	y
OG0009091	0.025	y
OG0009092	0.025	y
OG0009093	0.002	y
OG0009098	0.025	y
OG0009102	0.011	y
OG0009103	0	y
OG0009104	0.002	y
OG0009105	0.002	y
OG0009106	0	y
OG0009113	0.025	y
OG0009114	0.025	y
OG0009115	0.025	y
OG0009117	0.025	y
OG0009120	0.008	y
OG0009124	0.025	y
OG0009130	0.025	y
OG0009131	0.025	y
OG0009132	0.025	y
OG0009133	0.025	y
OG0009134	0.025	y
OG0009135	0.025	y
OG0009136	0.025	y
OG0009137	0.025	y
OG0009138	0.025	y
OG0009139	0.025	y
OG0009143	0.025	y
OG0009144	0.025	y
OG0009145	0.025	y
OG0009146	0.025	y
OG0009147	0.025	y
OG0009148	0.025	y
OG0009149	0.025	y
OG0009150	0	y
OG0009154	0.025	y
OG0009155	0	y
OG0009156	0.025	y
OG0009157	0	y
OG0009158	0.025	y
OG0009159	0.025	y
OG0009160	0.025	y
OG0009161	0.025	y
OG0009162	0	y
OG0009163	0.025	y
OG0009164	0.025	y
OG0009165	0.025	y
OG0009166	0.025	y
OG0009167	0.025	y
OG0009168	0.025	y
OG0009169	0.025	y
OG0009170	0.025	y
OG0009171	0.025	y
OG0009172	0.025	y
OG0009174	0.025	y
OG0009187	0.025	y
OG0009193	0.002	y
OG0009199	0.025	y
OG0009200	0.025	y
OG0009202	0.025	y
OG0009203	0.025	y
OG0009204	0.025	y
OG0009222	0.008	y
OG0009225	0.008	y
OG0009231	0.025	y
OG0009257	0.011	y
OG0009263	0.025	y
OG0009264	0.025	y
OG0009266	0.025	y
OG0009294	0.025	y
OG0009296	0	y
OG0009297	0.011	y
OG0009306	0.01	y
OG0009329	0.025	y
OG0009334	0.025	y
OG0009335	0.025	y
OG0009341	0	y
OG0009383	0.004	y
OG0009384	0	y
OG0009395	0.008	y
OG0009399	0.025	y
OG0009400	0.025	y
OG0009413	0	y
OG0009414	0	y
OG0009423	0.025	y
OG0009426	0	y
OG0009438	0.011	y
OG0009440	0.011	y
OG0009446	0	y
OG0009450	0.011	y
OG0009452	0.011	y
OG0009479	0	y
OG0009480	0	y
OG0009481	0.025	y
OG0009482	0.011	y
OG0009483	0.025	y
OG0009499	0.025	y
OG0009503	0.008	y
OG0009506	0.025	y
OG0009513	0.025	y
OG0009516	0.025	y
OG0009519	0.025	y
OG0009520	0.025	y
OG0009521	0.025	y
OG0009522	0.025	y
OG0009523	0.025	y
OG0009524	0.025	y
OG0009525	0	y
OG0009527	0.025	y
OG0009528	0.025	y
OG0009529	0.025	y
OG0009530	0.025	y
OG0009531	0.025	y
OG0009532	0.025	y
OG0009533	0.025	y
OG0009534	0.025	y
OG0009535	0.025	y
OG0009536	0.025	y
OG0009537	0.025	y
OG0009538	0.025	y
OG0009539	0.025	y
OG0009540	0.025	y
OG0009541	0	y
OG0009542	0.025	y
OG0009544	0.025	y
OG0009545	0.025	y
OG0009546	0.025	y
OG0009548	0.025	y
OG0009549	0.025	y
OG0009550	0.025	y
OG0009551	0.025	y
OG0009552	0.025	y
OG0009559	0.025	y
OG0009560	0.025	y
OG0009561	0.025	y
OG0009562	0.025	y
OG0009602	0.025	y
OG0009619	0.011	y
OG0009622	0.025	y
OG0009623	0.011	y
OG0009634	0.004	y
OG0009638	0.025	y
OG0009639	0.025	y
OG0009658	0	y
OG0009668	0.008	y
OG0009690	0.025	y
OG0009693	0.025	y
OG0009695	0	y
OG0009699	0.021	y
OG0009701	0	y
OG0009706	0.011	y
OG0009707	0.002	y
OG0009732	0.025	y
OG0009735	0.025	y
OG0009743	0.011	y
OG0009752	0.011	y
OG0009765	0.011	y
OG0009783	0.011	y
OG0009789	0.002	y
OG0009795	0.004	y
OG0009796	0.025	y
OG0009799	0.011	y
OG0009811	0	y
OG0009820	0	y
OG0009835	0.025	y
OG0009848	0.025	y
OG0009852	0.01	y
OG0009865	0	y
OG0009883	0.025	y
OG0009885	0.025	y
OG0009896	0.025	y
OG0009897	0.025	y
OG0009898	0.025	y
OG0009899	0.025	y
OG0009904	0.011	y
OG0009917	0.011	y
OG0009923	0.004	y
OG0009924	0	y
OG0009925	0.004	y
OG0009928	0.01	y
OG0009933	0	y
OG0009934	0.004	y
OG0009942	0.004	y
OG0009943	0.004	y
OG0009944	0.004	y
OG0009945	0	y
OG0009946	0	y
OG0009954	0.004	y
OG0009966	0.004	y
OG0009993	0.021	y
OG0009995	0	y
OG0009996	0	y
OG0010000	0.004	y
OG0010002	0.002	y
OG0010010	0	y
OG0010012	0	y
OG0010019	0	y
OG0010020	0.015	y
OG0010025	0	y
OG0010075	0.025	y
OG0010078	0	y
OG0010094	0	y
OG0010115	0.025	y
OG0010135	0	y
OG0010139	0	y
OG0010157	0	y
OG0010165	0	y
OG0010166	0.025	y
OG0010183	0.025	y
OG0010187	0.025	y
OG0010193	0.002	y
OG0010194	0.025	y
OG0010195	0	y
OG0010205	0	y
OG0010212	0	y
OG0010220	0	y
OG0010230	0.025	y
OG0010237	0	y
OG0010240	0.025	y
OG0010244	0	y
OG0010250	0.002	y
OG0010252	0.025	y
OG0010253	0.002	y
OG0010255	0	y
OG0010256	0.002	y
OG0010257	0	y
OG0010258	0	y
OG0010259	0	y
OG0010261	0	y
OG0010262	0.002	y
OG0010263	0.025	y
OG0010265	0	y
OG0010272	0.025	y
OG0010285	0.025	y
OG0010286	0	y
OG0010291	0	y
OG0010292	0.025	y
OG0010293	0.025	y
OG0010294	0.025	y
OG0010299	0.01	y
OG0010300	0.025	y
OG0010306	0.025	y
OG0010312	0.025	y
OG0010315	0.025	y
OG0010322	0	y
OG0010346	0.025	y
OG0010347	0	y
OG0010348	0	y
OG0010349	0.025	y
OG0010352	0	y
OG0010353	0.025	y
OG0010354	0.025	y
OG0010355	0.025	y
OG0010365	0	y
OG0010367	0	y
OG0010368	0.025	y
OG0010371	0	y
OG0010374	0.025	y
OG0010381	0.01	y
OG0010385	0.025	y
OG0010391	0.025	y
OG0010397	0	y
OG0010406	0	y
OG0010407	0.025	y
OG0010412	0.025	y
OG0010413	0.025	y
OG0010416	0.01	y
OG0010417	0.025	y
OG0010424	0.025	y
OG0010426	0	y
OG0010427	0.025	y
OG0010445	0.025	y
OG0010447	0	y
OG0010452	0.01	y
OG0010495	0	y
OG0010498	0.025	y
OG0010508	0.025	y
OG0010510	0	y
OG0010511	0	y
OG0010520	0.025	y
OG0010521	0.01	y
OG0010522	0	y
OG0010524	0.025	y
OG0010525	0.025	y
OG0010529	0.002	y
OG0010535	0.025	y
OG0010537	0.002	y
OG0010540	0.025	y
OG0010541	0	y
OG0010544	0.025	y
OG0010553	0.025	y
OG0010560	0.025	y
OG0010562	0	y
OG0010571	0	y
OG0010572	0.025	y
OG0010575	0.002	y
OG0010585	0.025	y
OG0010588	0	y
OG0010589	0.025	y
OG0010590	0	y
OG0010596	0	y
OG0010603	0	y
OG0010610	0.025	y
OG0010611	0.025	y
OG0010615	0.025	y
OG0010616	0	y
OG0010617	0	y
OG0010618	0	y
OG0010620	0.025	y
OG0010621	0	y
OG0010623	0.025	y
OG0010625	0	y
OG0010629	0.025	y
OG0010630	0	y
OG0010631	0.025	y
OG0010635	0.025	y
OG0010646	0.025	y
OG0010656	0	y
OG0010658	0.025	y
OG0010660	0.025	y
OG0010666	0.025	y
OG0010668	0.025	y
OG0010672	0.025	y
OG0010677	0.025	y
OG0010690	0	y
OG0010698	0.025	y
OG0010701	0	y
OG0010702	0	y
OG0010709	0	y
OG0010711	0.01	y
OG0010718	0	y
OG0010722	0	y
OG0010724	0.002	y
OG0010731	0	y
OG0010734	0.025	y
OG0010738	0	y
OG0010739	0	y
OG0010740	0.025	y
OG0010741	0.002	y
OG0010742	0	y
OG0010744	0	y
OG0010748	0	y
OG0010753	0.025	y
OG0010762	0.025	y
OG0010771	0.025	y
OG0010781	0.025	y
OG0010790	0	y
OG0010792	0	y
OG0010803	0.025	y
OG0010808	0.025	y
OG0010813	0.025	y
OG0010824	0	y
OG0010838	0.025	y
OG0010845	0.025	y
OG0010846	0.025	y
OG0010847	0.025	y
OG0010850	0.01	y
OG0010851	0.025	y
OG0010852	0	y
OG0010858	0.025	y
OG0010860	0	y
OG0010873	0	y
OG0010878	0.01	y
OG0010879	0	y
OG0010882	0	y
OG0010883	0.002	y
OG0010885	0.01	y
OG0010889	0.002	y
OG0010892	0	y
OG0010893	0	y
OG0010894	0.01	y
OG0010895	0.01	y
OG0010897	0.01	y
OG0010898	0	y
OG0010899	0.01	y
OG0010900	0.002	y
OG0010903	0.002	y
OG0010905	0.01	y
OG0010908	0.01	y
OG0010909	0.01	y
OG0010911	0.01	y
OG0010913	0	y
OG0010916	0.01	y
OG0010918	0.002	y
OG0010919	0.01	y
OG0010921	0	y
OG0010924	0.01	y
OG0010927	0.01	y
OG0010928	0.002	y
OG0010929	0.01	y
OG0010930	0.01	y
OG0010931	0.01	y
OG0010944	0	y
OG0010949	0.004	y
OG0010950	0.004	y
OG0010951	0	y
OG0010952	0.004	y
OG0010953	0	y
OG0010954	0	y
OG0010956	0.013	y
OG0010958	0.002	y
OG0010959	0.004	y
OG0010961	0.004	y
OG0011091	0.002	y
OG0011093	0	y
OG0011103	0	y
OG0011110	0.017	y
OG0011117	0.01	y
OG0011139	0	y
OG0011142	0	y
OG0011147	0	y
OG0011158	0	y
OG0011159	0.01	y
OG0011164	0.01	y
OG0011169	0.002	y
OG0011171	0	y
OG0011182	0.002	y
OG0011185	0.002	y
OG0011196	0	y
OG0011202	0.017	y
OG0011207	0	y
OG0011208	0	y
OG0011209	0	y
OG0011210	0	y
OG0011219	0.01	y
OG0011223	0.01	y
OG0011236	0	y
OG0011237	0.01	y
OG0011238	0	y
OG0011243	0.01	y
OG0011252	0	y
OG0011254	0	y
OG0011266	0	y
OG0011267	0	y
OG0011287	0.01	y
OG0011301	0	y
OG0011325	0	y
OG0011356	0	y
OG0011365	0	y
OG0011387	0.017	y
OG0011394	0	y
OG0011397	0.01	y
OG0011399	0.01	y
OG0011402	0.017	y
OG0011408	0	y
OG0011411	0	y
OG0011424	0.017	y
OG0011425	0	y
OG0011430	0	y
OG0011440	0	y
OG0011445	0	y
OG0011450	0	y
OG0011457	0	y
OG0011459	0.01	y
OG0011478	0	y
OG0011482	0	y
OG0011509	0.002	y
OG0011517	0	y
OG0011519	0.01	y
OG0011525	0	y
OG0011526	0.01	y
OG0011528	0.01	y
OG0011529	0.017	y
OG0011538	0.017	y
OG0011552	0	y
OG0011553	0	y
OG0011557	0	y
OG0011572	0.01	y
OG0011575	0	y
OG0011584	0.002	y
OG0011594	0.002	y
OG0011610	0.01	y
OG0011614	0	y
OG0011626	0	y
OG0011640	0	y
OG0011650	0.01	y
OG0011651	0.01	y
OG0011656	0.01	y
OG0011657	0	y
OG0011660	0.01	y
OG0011662	0.01	y
OG0011663	0.01	y
OG0011664	0.01	y
OG0011666	0.002	y
OG0011672	0.002	y
OG0011674	0.01	y
OG0011676	0.01	y
OG0011679	0.002	y
OG0011680	0.002	y
OG0011681	0.01	y
OG0011682	0.01	y
OG0011684	0.01	y
OG0011687	0	y
OG0011690	0.002	y
OG0011691	0.002	y
OG0011692	0.01	y
OG0011698	0.01	y
OG0011700	0.01	y
OG0011703	0.01	y
OG0011705	0.01	y
OG0011707	0.002	y
OG0011708	0.002	y
OG0011716	0.013	y
OG0011718	0.004	y
OG0011722	0.013	y
OG0011726	0	y
OG0011733	0	y
OG0011737	0.004	y
OG0011738	0.004	y
OG0011740	0.013	y
OG0011745	0.013	y
OG0011747	0.004	y
OG0011748	0.013	y
OG0011749	0.013	y
OG0011752	0.013	y
OG0011753	0.013	y
OG0011755	0.013	y
OG0011758	0.013	y
OG0011961	0.017	y
OG0012014	0.017	y
OG0012057	0	y
OG0012090	0	y
OG0012102	0	y
OG0012120	0.017	y
OG0012135	0.017	y
OG0012175	0	y
OG0012176	0.017	y
OG0012204	0	y
OG0012213	0	y
OG0012220	0.017	y
OG0012221	0.017	y
OG0012234	0	y
OG0012236	0.017	y
OG0012257	0.017	y
OG0012272	0.017	y
OG0012340	0	y
OG0012350	0	y
OG0012373	0	y
OG0012374	0.001	y
OG0012376	0	y
OG0012378	0	y
OG0012379	0	y
OG0012390	0	y
OG0012391	0.001	y
OG0012400	0	y
OG0012403	0.013	y
OG0012408	0.013	y
OG0012418	0.013	y
OG0012421	0.004	y
OG0012422	0.004	y
OG0012424	0.004	y
OG0012425	0.013	y
OG0012431	0.013	y
OG0012433	0.004	y
OG0012436	0.004	y
OG0012438	0.013	y
OG0012440	0.013	y
OG0012446	0.013	y
OG0012449	0.004	y
OG0012451	0.013	y
OG0012452	0.004	y
OG0012457	0.013	y
OG0012458	0	y
OG0012845	0.001	y
OG0012859	0.001	y
OG0012881	0.001	y
OG0013054	0.001	y
OG0013073	0.001	y
OG0013075	0.001	y
OG0013076	0.001	y
OG0013114	0.001	y
OG0013134	0.001	y
OG0013151	0.001	y
OG0013155	0.001	y
OG0013252	0.001	y
OG0013278	0.001	y
OG0013279	0.001	y
OG0013281	0.001	y
OG0013288	0.001	y
OG0013293	0	y
OG0013400	0	y
OG0013465	0	y
OG0013477	0	y
OG0013498	0	y
OG0013499	0	y
OG0013500	0	y
OG0013501	0	y
